{"cameraMode":{"drawMode":0,"name":"Shaded","section":"Shading Mode"},"sceneLighting":true,"audioPlay":false,"sceneViewState":{"m_AlwaysRefresh":false,"showFog":true,"showSkybox":true,"showFlares":true,"showImageEffects":true,"showParticleSystems":true,"showVisualEffectGraphs":true,"m_FxEnabled":true},"in2DMode":false,"pivot":{"x":1.5015571117401124,"y":-0.4809201955795288,"z":2.1879608631134035},"rotation":{"x":0.06728730350732804,"y":0.9262283444404602,"z":-0.31292614340782168,"w":0.19916097819805146},"size":5.107395172119141,"orthographic":false}